git id,name,symbol
1,Bitcoin,BTC
2,Litecoin,LTC
3,Namecoin,NMC
4,Terracoin,TRC
5,Peercoin,PPC
6,Novacoin,NVC
8,Feathercoin,FTC
9,Mincoin,MNC
10,Freicoin,FRC
13,Ixcoin,IXC
14,BitBar,BTB
16,WorldCoin,WDC
18,Digitalcoin,DGC
25,GoldCoin,GLD
31,Argentum,ARG
32,Fastcoin,FST
34,Bitgem,BTG
35,Phoenixcoin,PXC
37,Megacoin,MEC
41,Infinitecoin,IFC
42,Primecoin,XPM
43,Anoncoin,ANC
45,CasinoCoin,CSC
49,Bullion,CBX
50,Emerald Crypto,EMD
51,GlobalCoin,GLC
52,XRP,XRP
53,Quark,QRK
56,Zetacoin,ZET
57,SecureCoin,SRC
58,Sexcoin,SXC
61,TagCoin,TAG
63,I0Coin,I0C
64,FlorinCoin,FLO
66,Nxt,NXT
67,Unobtanium,UNO
68,Joulecoin,XJO
69,Datacoin,DTC
70,BetaCoin,BET
71,GrandCoin,GDC
72,Deutsche eMark,DEM
74,Dogecoin,DOGE
75,NetCoin,NET
76,Philosopher Stones,PHS
77,Diamond,DMD
78,HoboNickels,HBN
79,Tigercoin,TGC
80,Orbitcoin,ORB
83,Omni,OMNI
84,Catcoin,CAT
87,FedoraCoin,TIPS
88,RonPaulCoin,RPC
89,Mooncoin,MOON
90,Dimecoin,DIME
93,42-coin,42
99,Vertcoin,VTC
101,KlondikeCoin,KDC
103,RedCoin,RED
109,DigiByte,DGB
113,SmartCoin,SMC
114,TeslaCoin,TES
117,NobleCoin,NOBL
118,ReddCoin,RDD
120,Nyancoin,NYAN
121,UltraCoin,UTC
122,PotCoin,POT
125,Blakecoin,BLC
128,MaxCoin,MAX
129,QubitCoin,Q2C
130,HunterCoin,HUC
131,Dash,DASH
132,Counterparty,XCP
134,CacheCoin,CACH
135,TopCoin,TOP
138,iCoin,ICN
141,Mintcoin,MINT
142,Aricoin,ARI
145,DopeCoin,DOPE
148,Auroracoin,AUR
150,Animecoin,ANI
151,Pesetacoin,PTC
154,Marscoin,MARS
159,Cashcoin,CASH
160,Riecoin,RIC
161,Pandacoin,PND
164,MAZA,MAZA
168,Uniform Fiscal Object,UFO
170,BlackCoin,BLK
174,LiteBar,LTB
175,Photon,PHO
181,Zeitcoin,ZEIT
182,Myriad,XMY
184,DNotes,NOTE
199,Skeincoin,SKC
201,Einsteinium,EMC2
205,Bitcoin Scrypt,BTCS
206,Coin(O),CNO
212,ECC,ECC
213,MonaCoin,MONA
215,Rubycoin,RBY
217,Bela,BELA
218,FlutterCoin,FLT
221,OctoCoin,888
224,FairCoin,FAIR
233,SolarCoin,SLR
234,e-Gulden,EFL
254,Gulden,NLG
257,Polcoin,PLC
258,Groestlcoin,GRS
260,PetroDollar,XPD
263,PLNcoin,PLNC
268,WhiteCoin,XWC
269,AsiaCoin,AC
275,PopularCoin,POP
276,Bitstar,BITS
278,Quebecoin,QBC
279,CannaCoin,CCN
287,Slothcoin,SLOTH
290,BlueCoin,BLU
291,MaidSafeCoin,MAID
293,Bitcoin Plus,XBC
295,BTCtalkcoin,TALK
298,NewYorkCoin,NYC
304,Canada eCoin,CDN
312,Guncoin,GUN
313,PinkCoin,PINK
316,Dreamcoin,DRM
317,CoffeeCoin,CFC
322,Energycoin,ENRG
323,VeriCoin,VRC
325,TEKcoin,TEK
328,Monero,XMR
331,Litecoin Plus,LCP
333,Curecoin,CURE
334,UnbreakableCoin,UNB
337,CryptCoin,CRYPT
341,SuperCoin,SUPER
350,BoostCoin,BOST
353,Hyper,HYPER
356,BitQuark,BTQ
360,Motocoin,MOTO
362,CloakCoin,CLOAK
366,BitSend,BSD
367,Coin2.1,C2
370,Fantomcoin,FCN
372,Bytecoin,BCN
374,ArtByte,ABY
377,NavCoin,NAV
382,Granite,GRN
385,Donationcoin,DON
386,Piggycoin,PIGGY
389,Startcoin,START
400,Kore,KORE
405,DigitalNote,XDN
406,Boolberry,BBR
411,SHACoin,SHA
415,BlazeCoin,BLZ
416,HempCoin,THC
426,BritCoin,BRIT
448,Stealth,XST
450,TrustPlus,TRUST
460,Clams,CLAM
461,Quatloo,QTL
463,BitShares,BTS
467,BitcoinDark,BTCD
468,Truckcoin,TRK
470,Viacoin,VIA
477,Triangles,TRI
495,I/O Coin,IOC
501,Cryptonite,XCN
502,Carboncoin,CARBON
506,CannabisCoin,CANN
512,Stellar,XLM
513,Titcoin,TIT
520,Virtacoin,VTA
525,HyperStake,HYP
536,Joincoin,J
541,Syscoin,SYS
543,Bitmark,BTM
545,Halcyon,HAL
549,Storjcoin X,SJCX
551,NeosCoin,NEOS
558,Emercoin,EMC
572,RabbitCoin,RBBT
573,Burst,BURST
576,GameCredits,GAME
584,WeAreSatoshi,WSX
588,Ubiq,UBQ
594,BunnyCoin,BUN
597,Opal,OPAL
601,Acoin,ACOIN
606,FoldingCoin,FLDC
623,bitUSD,BITUSD
624,bitCNY,BITCNY
625,bitBTC,BITBTC
626,NuBits,USNBT
627,Sterlingcoin,SLG
629,Magi,XMG
633,ExclusiveCoin,EXCL
638,Trollcoin,TROLL
643,SuperNET,UNITY
644,GlobalBoost-Y,BSTY
654,DigitalPrice,DP
656,Prime-XI,PXI
659,Bitswift,BITS
660,Dashcoin,DSH
666,AurumCoin,AU
680,Sativacoin,STV
693,Verge,XVG
699,NuShares,NSR
702,SpreadCoin,SPR
703,Rimbit,RBT
706,MonetaryUnit,MUE
707,Blocknet,BLOCK
708,Gapcoin,GAP
719,TittieCoin,TTC
720,Crown,CRW
723,BitBay,BAY
730,GCN Coin,GCN
733,Quotient,XQN
734,Bytecent,BYC
747,Bitcoin Fast,BCF
760,OKCash,OK
764,PayCoin,XPY
766,vTorrent,VTR
778,bitGold,BITGOLD
781,Unitus,UIS
785,GoldPieces,GP
788,Circuits of Value,COVAL
789,Nexus,NXS
795,SoonCoin,SOON
796,MetalCoin,METAL
797,IncaKoin,NKA
799,SmileyCoin,SMLY
812,Machinecoin,MAC
813,bitSilver,BITSILVER
814,Dotcoin,DOT
815,Kobocoin,KOBO
818,PayCon,CON
819,Bean Cash,BITB
823,GeoCoin,GEO
825,Tether,USDT
831,Wild Beast Block,WBB
833,GridCoin,GRC
836,Vcash,XVC
837,X-Coin,XCO
841,Sharkcoin,SAK
853,LiteDoge,LDOGE
857,SongCoin,SONG
859,Woodcoin,LOG
869,Crave,CRAVE
870,Pura,PURA
873,NEM,XEM
890,8Bit,8BIT
892,LeaCoin,LEA
894,Neutron,NTRN
895,Xaurum,XAUR
898,Californium,CF
911,Advanced Internet Blocks,AIB
912,EggCoin,EGG
914,Sphere,SPHR
916,MedicCoin,MEDIC
918,Bubble,BUB
920,MUSE,MUSE
921,Universal Currency,UNIT
924,ShellCoin,SHELL
933,Crypto,CTO
934,ParkByte,PKB
938,ARbit,ARB
939,Gambit,GAM
945,Bata,BTA
948,AudioCoin,ADC
951,Synergy,SNRG
954,bitEUR,BITEUR
959,UniCoin,UNIC
960,FujiCoin,FJC
964,EuropeCoin,ERC
965,The Cypherfunks,FUNK
977,Hexx,HXX
978,Ratecoin,XRA
986,CrevaCoin,CREVA
988,IrishCoin,IRL
990,Bitzeny,ZNY
993,BowsCoin,BSC
994,AnarchistsPrime,ACP
998,CompuCoin,CPN
999,ChainCoin,CHC
1002,Sprouts,SPRTS
1004,Helleniccoin,HNC
1008,Capricoin,CPC
1010,Flaxscript,FLAX
1019,Manna,MANNA
1020,Axiom,AXIOM
1022,LEOcoin,LEO
1026,Aeon,AEON
1027,Ethereum,ETH
1028,SJWCoin,SJW
1032,TransferCoin,TX
1033,GuccioneCoin,GCC
1035,AmsterdamCoin,AMS
1038,Eurocoin,EUC
1042,Siacoin,SC
1044,Global Currency Reserve,GCR
1050,Shift,SHIFT
1052,VectorAI,VEC2
1053,Bolivarcoin,BOLI
1058,SpaceCoin,SPACE
1063,Bitcrystals,BCY
1066,Pakcoin,PAK
1069,Influxcoin,INFX
1070,Expanse,EXP
1082,SIBCoin,SIB
1084,IslaCoin,ISL
1085,Swing,SWING
1087,Factom,FCT
1089,ParallelCoin,DUO
1090,Save and Gain,SANDG
1093,Prototanium,PR
1100,DigiCube,CUBE
1104,Augur,REP
1106,StrongHands,SHND
1107,PACcoin,$PAC
1109,Elite,1337
1110,Money,$$$
1111,SOILcoin,SOIL
1113,SecretCoin,SCRT
1120,DraftCoin,DFT
1123,OBITS,OBITS
1125,Synereo,AMP
1135,ClubCoin,CLUB
1136,Adzcoin,ADZ
1141,Moin,MOIN
1146,AvatarCoin,AV
1147,RussiaCoin,RC
1148,EverGreenCoin,EGC
1153,Creditbit,CRB
1154,Radium,RADS
1155,Litecred,LTCR
1156,Yocoin,YOC
1159,SaluS,SLS
1164,Francs,FRN
1165,Evil Coin,EVIL
1168,Decred,DCR
1169,PIVX,PIVX
1172,Safe Exchange Coin,SAFEX
1175,Rubies,RBIES
1176,Asiadigicoin,ADCN
1182,KiloCoin,KLC
1185,TrumpCoin,TRUMP
1191,Memetic / PepeCoin,MEME
1193,C-Bit,XCT
1194,Independent Money System,IMS
1195,HOdlcoin,HODL
1198,BigUp,BIGUP
1200,NevaCoin,NEVA
1206,BumbaCoin,BUMBA
1208,RevolutionVR,RVR
1209,PosEx,PEX
1210,Cabbage,CAB
1212,MojoCoin,MOJO
1213,GoldMaxCoin,GMX
1214,Lisk,LSK
1216,EDRCoin,EDRC
1218,PostCoin,POST
1223,BERNcash,BERN
1226,Qwark,QWARK
1229,DigixDAO,DGD
1230,Steem,STEEM
1234,Fantasy Cash,FANS
1238,Espers,ESP
1241,FuzzBalls,FUZZ
1244,HiCoin,XHI
1247,AquariusCoin,ARCO
1248,Bitcoin 21,XBTC21
1249,Elcoin,EL
1250,Zurcoin,ZUR
1251,SixEleven,611
1252,2GIVE,2GIVE
1254,PlatinumBAR,XPTX
1256,Alphabit,ABC
1257,LanaCoin,LANA
1259,PonziCoin,PONZI
1264,TeslaCoilCoin,TESLA
1266,MarteXcoin,MXT
1268,Nullex,NLX
1269,RichCoin,RICHX
1271,PrismChain,PRM
1274,Waves,WAVES
1276,ICO OpenLedger,ICOO
1279,Powercoin,PWR
1281,ION,ION
1282,High Voltage,HVCO
1283,Mineum,MNM
1284,RevolverCoin,XRE
1285,GoldBlocks,GB
1286,Breakout,BRK
1288,Debitcoin,DBTC
1291,Comet,CMT
1294,Rise,RISE
1297,ChessCoin,CHESS
1298,LBRY Credits,LBC
1299,PutinCoin,PUT
1303,Breakout Stake,BRX
1304,Syndicate,SYNX
1306,Cryptojacks,CJ
1308,HEAT,HEAT
1309,LetItRide,LIR
1312,Steem Dollars,SBD
1320,Ardor,ARDR
1321,Ethereum Classic,ETC
1322,808Coin,808
1323,First Bitcoin,BIT
1334,Elementrem,ELE
1336,UGAIN,GAIN
1340,Karbo,KRB
1341,VapersCoin,VPRC
1343,Stratis,STRAT
1348,President Trump,PRES
1351,Aces,ACES
1352,President Johnson,GARY
1353,TajCoin,TAJ
1358,E-Dinar Coin,EDR
1361,Artex Coin,ATX
1367,Experience Points,XP
1368,Veltor,VLT
1371,B3Coin,KB3
1375,Golfcoin,GOLF
1376,NEO,NEO
1380,LoMoCoin,LMC
1381,Bitcloud,BTDX
1382,NoLimitCoin,NLC2
1387,VeriumReserve,VRM
1389,Zayedcoin,ZYD
1390,Jin Coin,JIN
1391,Tao,XTO
1392,Pluton,PLU
1393,Tellurion,TELL
1395,Dollarcoin,DLC
1396,MustangCoin,MST
1397,Beatcoin,XBTS
1398,PROUD Money,PROUD
1399,Sequence,SEQ
1400,Omicron,OMC
1403,FirstBlood,1ST
1405,Pepe Cash,PEPECASH
1408,Iconomi,ICN
1409,SingularDTV,SNGLS
1414,ZCoin,XZC
1418,Rcoin,RCN
1420,Atomic Coin,ATOM
1421,JobsCoin,JOBS
1423,Triggers,TRIG
1425,Sakuracoin,SKR
1429,Levocoin,LEVO
1434,Advanced Technology Coin,ARC
1435,Cubits,QBT
1436,DynamicCoin,DMC
1437,Zcash,ZEC
1439,AllSafe,ASAFE2
1442,BipCoin,BIP
1447,ZClassic,ZCL
1448,Zoin,ZOI
1449,WA Space,WA
1454,Lykke,LKK
1455,Golem,GNT
1456,ZetaMicron,ZMC
1457,Bitcurrency,BTCR
1459,Regacoin,REGA
1464,Internet of People,IOP
1465,Veros,VRS
1466,Hush,HUSH
1468,Kurrent,KURT
1469,Creatio,XCRE
1472,Rawcoin,XRC
1473,Pascal Coin,PASC
1474,Eternity,ENT
1475,Incent,INCNT
1478,DECENT,DCT
1480,Golos,GOLOS
1481,Nexium,NXC
1483,vSlice,VSL
1485,Dollar Online,DOLLAR
1486,Vault Coin,VLTC
1487,Pabyosi Coin (Special),PCS
1489,T-coin,TCOIN
1492,Byteball Bytes,GBYTE
1495,PoSW Coin,POSW
1496,Luna Coin,LUNA
1497,Fargocoin,FRGC
1500,Wings,WINGS
1501,Dix Asset,DIX
1503,Darcrus,DAR
1504,InflationCoin,IFLT
1505,Spectrecoin,XSPEC
1506,Safe Trade Coin,XSTC
1507,LandCoin,LDCN
1509,BenjiRolls,BENJI
1510,CryptoCarbon,CCRB
1511,PureVidz,VIDZ
1513,BitConnect,BCC
1514,ICOBID,ICOB
1515,iBank,IBANK
1518,Maker,MKR
1520,Digital Rupees,DRS
1521,Komodo,KMD
1522,FirstCoin,FRST
1523,Magnum,MGM
1524,Tattoocoin (Standard Edition),TSE
1525,Solarflarecoin,SFC
1526,Zilbercoin,ZBC
1527,Waves Community Token,WCT
1528,Iconic,ICON
1529,KushCoin,KUSH
1531,Global Cryptocurrency,GCC
1533,Avoncoin,ACN
1534,BOAT,BOAT
1535,Eryllium,ERY
1539,Elysium,ELS
1542,Golos Gold,GBG
1546,Centurion,CNT
1548,Marijuanacoin,MAR
1550,Master Swiscoin,MSCN
1552,Melon,MLN
1554,Allion,ALL
1555,PRCoin,PRC
1556,Chronobank,TIME
1558,Argus,ARGUS
1559,Renos,RNS
1561,UR,UR
1562,Swarm City,SWT
1563,PIECoin,PIE
1565,MarxCoin,MARX
1566,Visio,VISIO
1567,Nano,NANO
1568,LevoPlus,LVPS
1570,GeertCoin,GEERT
1575,Pascal Lite,PASL
1576,MiloCoin,MILO
1577,Musicoin,MUSIC
1578,Zero,ZER
1579,BioBar,BIOB
1581,Honey,HONEY
1582,Netko,NETKO
1586,Ark,ARK
1587,Dynamic,DYN
1588,Tokes,TKS
1590,Mercury,MER
1592,TaaS,TAAS
1595,Soarcoin,SOAR
1596,Edgeless,EDG
1597,Bankcoin,B@
1598,ZSEcoin,ZSE
1602,HealthyWormCoin,WORM
1603,Databits,DTB
1605,Universe,UNI
1606,Solaris,XLR
1607,Impact,IMX
1608,Tristar Coin,TSTR
1609,Asch,XAS
1611,DubaiCoin,DBIX
1614,Darsek,KED
1616,Matchpool,GUP
1617,Ultimate Secure Cash,USC
1618,E-coin,ECN
1619,Skycoin,SKY
1623,BlazerCoin,BLAZR
1624,Atmos,ATMOS
1625,Ethereum Movie Venture,EMV
1626,InPay,INPAY
1628,Happycoin,HPC
1629,Zennies,ZENI
1630,Coinonat,CXT
1631,Internet of Things,XOT
1632,Concoin,CONX
1636,XTRABYTES,XBY
1637,iExec RLC,RLC
1638,WeTrust,TRST
1640,DeusCoin,DEUS
1642,Altcoin,ALT
1643,WavesGo,WGO
1644,MACRON,MCRN
1647,Tattoocoin (Limited Edition),TLE
1650,ProCurrency,PROC
1651,SpeedCash,SCS
1654,Bitcore,BTX
1657,Bitvolt,VOLT
1658,Lunyr,LUN
1659,Gnosis,GNO
1660,TokenCard,TKN
1662,Condensate,RAIN
1665,Gold Pressed Latinum,GPL
1669,Humaniq,HMQ
1670,FUNCoin,FUNC
1671,iTicoin,ITI
1673,Minereum,MNE
1674,Cannation,CNNC
1676,Creativecoin,CREA
1677,Etheroll,DICE
1678,InsaneCoin,INSN
1679,Halloween Coin,HALLO
1680,Aragon,ANT
1681,PRIZM,PZM
1683,RouletteToken,RLT
1684,Qtum,QTUM
1685,EcoCoin,ECO
1686,EquiTrader,EQT
1687,Digital Money Bits,DMB
1688,APX,APX
1690,MCAP,MCAP
1691,Project-X,NANOX
1693,Theresa May Coin,MAY
1694,Sumokoin,SUMO
1695,ZenGold,ZENGOLD
1697,Basic Attention Token,BAT
1698,ZenCash,ZEN
1699,Ethbits,ETBS
1700,Aeternity,AE
1702,Version,V
1703,Metaverse ETP,ETP
1704,eBoost,EBST
1706,Aidos Kuneen,ADK
1707,STEX,STEX
1708,Patientory,PTOY
1709,Quantum,QAU
1710,Veritaseum,VERI
1711,Electra,ECA
1712,Quantum Resistant Ledger,QRL
1714,EncryptoTel [WAVES],ETT
1715,MobileGo,MGO
1716,Ammo Reloaded,AMMO
1717,Neuro,NRO
1719,Peerplays,PPY
1720,IOTA,MIOTA
1721,Mysterium,MYST
1722,More Coin,MORE
1723,SONM,SNM
1724,Linx,LINX
1726,ZrCoin,ZRC
1727,Bancor,BNT
1728,Cheapcoin,CHEAP
1729,Cofound.it,CFI
1731,GlobalToken,GLT
1732,Numeraire,NMR
1733,Octanox,OTX
1736,Unify,UNIFY
1737,Elastic,XEL
1738,Coupecoin,COUPE
1739,Miners' Reward Token,MRT
1741,Bitok,BITOK
1742,Huncoin,HNC
1743,KingN Coin,KNC
1745,Dinastycoin,DCY
1746,Leviar,XLC
1747,Onix,ONX
1748,Bitcoin Planet,BTPL
1750,GXChain,GXS
1752,Goodomy,GOOD
1753,Antimatter,ANTX
1754,Bitradio,BRO
1755,Flash,FLASH
1757,FunFair,FUN
1758,TenX,PAY
1759,Status,SNT
1760,ChanCoin,CHAN
1762,Ergo,EFYT
1763,BriaCoin,BRIA
1765,EOS,EOS
1767,TurboCoin,TURBO
1768,AdEx,ADX
1769,Denarius,DNR
1771,DAO.Casino,BET
1772,Storj,STORJ
1773,BnrtxCoin,BNX
1774,SocialCoin,SOCC
1775,adToken,ADT
1776,MCO,MCO
1777,CryptoPing,PING
1778,Useless Ethereum Token,UET
1779,Wagerr,WGR
1781,Slevin,SLEVIN
1782,Ecobit,ECOB
1783,UniversalRoyalCoin,UNRC
1784,Polybius,PLBT
1785,Gas,GAS
1786,SunContract,SNC
1787,Jetcoin,JET
1788,Metal,MTL
1789,Populous,PPT
1790,WomenCoin,WOMEN
1792,Virta Unique Coin,VUC
1793,Bitdeal,BDL
1795,Sphre AIR ,XID
1797,DaxxCoin,DAXX
1799,Rupee,RUP
1801,Global Tour Coin,GTC
1803,PeepCoin,PCN
1805,Sovereign Hero,HERO
1807,Santiment Network Token,SAN
1808,OmiseGO,OMG
1809,TerraNova,TER
1810,CVCoin,CVCOIN
1811,Nimiq Exchange Token,NET
1812,Rialto,XRL
1814,Linda,LINDA
1815,Embers,MBRS
1816,Civic,CVC
1817,Ethos,ETHOS
1818,Bit20,BTWTY
1819,Starta,STA
1824,BitCoal,COAL
1825,LiteBitcoin,LBTC
1826,Particl,PART
1828,SmartCash,SMART
1830,SkinCoin,SKIN
1831,Bitcoin Cash,BCH
1832,HarmonyCoin,HMC
1833,ToaCoin,TOA
1834,Pillar,PLR
1835,Royalties,XRY
1836,Signatum,SIGT
1837,Coimatic 2.0,CTIC2
1838,OracleChain,OCT
1839,Binance Coin,BNB
1840,300 Token,300
1841,Primalbase Token,PBT
1842,CampusCoin,CMPCO
1843,EmberCoin,EMB
1845,IXT,IXT
1846,GeyserCoin,GSR
1847,Mothership,MSP
1848,Aseancoin,ASN
1849,Birds,BIRDS
1850,Cream,CRM
1851,ERA,ERA
1852,KekCoin,KEK
1853,OAX,OAX
1856,district0x,DNT
1857,FundYourselfNow,FYN
1861,Stox,STX
1863,Minex,MINEX
1864,Blox,CDT
1865,Wink,WINK
1866,Bytom,BTM
1869,Mao Zedong,MAO
1871,First Bitcoin Capital,BITCF
1872,NEVERDIE,NDC
1873,Blocktix,TIX
1876,Dentacoin,DCN
1877,Rupaya,RUPX
1878,Shadow Token,SHDW
1881,DeepOnion,ONION
1882,BlockCAT,CAT
1883,AdShares,ADST
1884,DigitalDevelopersFund,DDF
1885,BitAsean,BAS
1886,Dent,DENT
1887,Monster Byte,MBI
1888,InvestFeed,IFT
1889,CoinonatX,XCXT
1890,Etheriya,RIYA
1894,The ChampCoin,TCC
1896,0x,ZRX
1897,Bolenum,BLN
1898,Smoke,SMOKE
1899,YOYOW,YOYOW
1900,Growers International,GRWI
1902,MyBit Token,MYB
1903,Hshare,HSR
1904,VeChain,VEN
1905,TrueFlip,TFL
1907,XTD Coin,XTD
1908,Nebulas,NAS
1910,ATMCoin,ATMC
1912,Dalecoin,DALC
1913,Protean,PRN
1915,AdCoin,ACC
1916,BiblePay,BBP
1917,bitqy,BQ
1918,Achain,ACT
1920,NamoCoin,NAMO
1921,SIGMAcoin,SIGMA
1922,Monoeci,XMCC
1923,Tierion,TNT
1925,Waltonchain,WTC
1926,BROTHER,BRAT
1927,Ulatech,ULA
1930,Primas,PST
1931,Opus,OPT
1933,Suretly,SUR
1934,Loopring,LRC
1935,LiteCoin Ultra,LTCU
1937,Po.et,POE
1938,Fujinto,NTO
1942,StarCredits,STRC
1943,Kronecoin,KRONE
1945,Cyder,CYDER
1946,Masternodecoin,MTNC
1947,Monetha,MTH
1948,Aventus,AVT
1949,Agrello,DLT
1950,Hive Project,HVN
1951,Vsync,VSX
1952,Magnetcoin,MAGN
1954,Moeda Loyalty Points,MDA
1955,Neblio,NEBL
1956,VIVO,VIVO
1958,TRON,TRX
1959,Oceanlab,OCL
1961,imbrex,REX
1962,BuzzCoin,BUZZ
1963,Credo,CREDO
1964,DROXNE,DRXNE
1965,Bowhead,AHT
1966,Decentraland,MANA
1967,Indorse Token,IND
1968,XPA,XPA
1969,Sociall,SCL
1970,ATBCoin,ATB
1971,iQuant,IQT
1973,Ethereum Dark,ETHD
1974,Propy,PRO
1975,ChainLink,LINK
1976,Blackmoon,BMC
1979,Wi Coin,WIC
1980,Elixir,ELIX
1981,Billionaire Token,XBL
1982,Kyber Network,KNC
1983,VIBE,VIBE
1984,Substratum,SUB
1985,Chronologic,DAY
1986,CHIPS,CHIPS
1987,CryptoInsight,TKR
1988,Lampix,PIX
1989,COSS,COSS
1990,BitDice,CSNO
1991,Rivetz,RVT
1993,Kin,KIN
1994,Interzone,ITZ
1995,Target Coin,TGT
1996,SALT,SALT
1998,Ormeus Coin,ORME
1999,Kolion,KLN
2000,Musiconomi,MCI
2001,ColossusXT,COLX
2002,TrezarCoin,TZC
2004,HODL Bucks,HDLB
2005,Obsidian,ODN
2006,Cobinhood,COB
2007,Regalcoin,REC
2008,MSD,MSD
2009,Bismuth,BIS
2010,Cardano,ADA
2011,Tezos,XTZ
2012,Voise,VOISE
2013,Infinity Economics,XIN
2015,ATMChain,ATM
2017,KickCoin,KICK
2018,EncryptoTel [ETH],ETT
2019,Viberate,VIB
2021,RChain,RHOC
2022,Internxt,INXT
2024,WhaleCoin,WHL
2025,FLiK,FLIK
2026,EthBet,EBET
2027,Cryptonex,CNX
2029,Wild Crypto,WILD
2030,REAL,REAL
2031,Hubii Network,HBT
2032,Crystal Clear ,CCT
2033,BridgeCoin,BCO
2034,Everex,EVX
2036,PayPie,PPP
2037,AirToken,AIR
2038,PoSToken,POS
2039,Senderon,SDRN
2040,ALIS,ALIS
2041,BitcoinZ,BTCZ
2042,HelloGold,HGT
2043,Cindicator,CND
2044,Enigma,ENG
2045,Coimatic 3.0,CTIC3
2046,Bastonet,BSN
2047,Zeusshield,ZSC
2048,Ethereum Cash,ECASH
2049,CORION,COR
2050,Swisscoin,SIC
2051,Authorship,ATS
2053,Royal Kingdom Coin,RKC
2054,Akuya Coin,AKY
2055,ExchangeN,EXN
2056,PiplCoin,PIPL
2057,Eidoo,EDO
2058,AirSwap,AST
2059,BitSoar,BSR
2060,Change,CAG
2061,BlockMason Credit Protocol,BCPT
2062,Aion,AION
2063,Tracto,TRCT
2064,Maecenas,ART
2065,XGOX,XGOX
2066,Everus,EVR
2067,Dutch Coin,DUTCH
2069,Open Trading Network,OTN
2070,DomRaider,DRT
2071,Request Network,REQ
2072,SegWit2x,B2X
2074,Ethereum Gold,ETG
2076,Blue Protocol,BLUE
2077,Runners,RUNNERS
2078,LIFE,LIFE
2079,Hedge,HDG
2080,Modum,MOD
2081,Ambrosus,AMB
2082,ICOS,ICOS
2083,Bitcoin Gold,BTG
2087,KuCoin Shares,KCS
2088,EXRNchain,EXRN
2089,ClearPoll,POLL
2090,LATOKEN,LA
2091,Exchange Union,XUC
2092,Nuls,NULS
2093,Bitcoin Red,BTCRED
2094,Paragon,PRG
2095,BOScoin,BOS
2096,Ripio Credit Network,RCN
2098,Mercury Protocol,GMT
2099,ICON,ICX
2100,JavaScript Token,JS
2101,Ethereum Lite,ELITE
2103,Intelligent Trading Foundation,ITT
2104,iEthereum,IETH
2105,Pirl,PIRL
2106,Xenon,XNN
2107,LUXCoin,LUX
2109,Network Token,NTWK
2110,Dovu,DOVU
2112,Red Pulse,RPX
2114,BT2 [CST],BT2
2115,PlayerCoin,PLACO
2117,Roofs,ROOFS
2118,FAPcoin,FAP
2119,BTCMoon,BTCM
2120,Etherparty,FUEL
2122,Ellaism,ELLA
2123,Vulcano,VULC
2124,Qvolta,QVT
2125,Russian Miner Coin,RMC
2126,FlypMe,FYP
2127,eBitcoin,EBTC
2129,Bitbase,BTBc
2130,Enjin Coin,ENJ
2132,Power Ledger,POWR
2134,Grid+,GRID
2135,Revain,R
2136,ATLANT,ATL
2137,Electroneum,ETN
2138,High Gain,HIGH
2139,MinexCoin,MNX
2142,FORCE,FOR
2143,Streamr DATAcoin,DATA
2144,SHIELD,XSH
2146,Pure,PURE
2147,ELTCOIN,ELTCOIN
2148,Desire,DSR
2149,Unikoin Gold,UKG
2150,Credence Coin,CRDNC
2151,Autonio,NIO
2152,CarTaxi Token,CTX
2153,Aeron,ARN
2157,StarCash Network,STARS
2158,Phore,PHR
2159,Farad,FRD
2160,Innova,INN
2161,Raiden Network Token,RDN
2162,Delphy,DPY
2163,Zephyr,ZEPH
2165,ERC20,ERC20
2166,Ties.DB,TIE
2167,Blockpool,BPL
2168,Grimcoin,GRIM
2170,Oxycoin,OXY
2172,Emphy,EPY
2173,Stellar Holdings,HOLD
2174,NEO GOLD,NEOG
2175,DecentBet,DBET
2176,Decision Token,HST
2177,Sharechain,SSS
2178,Upfiring,UFR
2179,Hat.Exchange,HAT
2180,bitJob,STU
2181,Genesis Vision,GVT
2182,EagleCoin,EAGLE
2183,EA Coin,EAG
2184,Privatix,PRIX
2185,IntenseCoin,ITNS
2187,EBCH,EBCH
2189,SISA,SISA
2190,Astro,ASTRO
2191,Paypex,PAYX
2192,GOLD Reward Token,GRX
2194,BitSerial,BTE
2196,Sugar Exchange,SGR
2198,Viuly,VIU
2199,ALQO,ALQO
2200,GoByte,GBX
2201,WINCOIN,WC
2202,Oyster,PRL
2204,B2BX,B2B
2205,Phantomx,PNX
2207,DigiPulse,DGPT
2208,EncrypGen,DNA
2209,Ink,INK
2211,Bodhi,BOT
2212,Quantstamp,QSP
2213,QASH,QASH
2214,ZoZoCoin,ZZC
2215,Energo,TSL
2217,Publica,PBL
2218,Magnet,MAG
2219,SpankChain,SPANK
2221,VoteCoin,VOT
2222,Bitcoin Diamond,BCD
2223,BLOCKv,VEE
2224,POLY AI,AI
2225,Accelerator Network,ACC
2228,PlexCoin,PLX
2229,Divi,DIVX
2230,Monkey Project,MONK
2231,Flixxo,FLIXX
2232,GlassCoin,GLS
2235,Time New Bank,TNB
2236,MyWish,WISH
2237,EventChain,EVC
2239,ETHLend,LEND
2240,onG.social,ONG
2241,Ccore,CCO
2242,Qbao,QBT
2243,Dragonchain,DRGN
2244,Payfair,PFR
2245,Presearch,PRE
2246,CyberMiles,CMT
2247,BlockCDN,BCDN
2248,Cappasity,CAPP
2249,Eroscoin,ERO
2250,MagicCoin,MAGE
2251,IoT Chain,ITC
2253,Jiyo,JIYO
2255,Social Send,SEND
2256,Bonpay,BON
2257,Nekonium,NUKO
2258,Snovio,SNOV
2259,StrikeBitClub,SBC
2260,Bulwark,BWK
2261,SagaCoin,SAGA
2262,COMSA [ETH],CMS
2263,Kubera Coin,KBR
2264,Tokugawa,TOK
2265,Pioneer Coin,PCOIN
2266,COMSA [XEM],CMS
2267,WaBi,WABI
2268,CrowdCoin,CRC
2269,WandX,WAND
2270,SportyCo,SPF
2271,Verify,CRED
2272,Soma,SCT
2273,Uquid Coin,UQC
2274,MediShares,MDS
2275,ProChain,PRA
2276,Ignis,IGNIS
2277,SmartMesh,SMT
2278,HollyWoodCoin,HWC
2279,Playkey,PKT
2280,Filecoin [Futures],FIL
2281,BitcoinX,BCX
2282,Super Bitcoin,SBTC
2283,Datum,DAT
2284,Trident Group,TRDT
2285,Bitair,BTCA
2286,MicroMoney,AMM
2287,LockTrip,LOC
2288,Worldcore,WRC
2289,Gifto,GTO
2290,YENTEN,YTN
2291,Genaro Network,GNX
2293,United Bitcoin,UBTC
2295,Starbase,STAR
2296,OST,OST
2297,Storm,STORM
2298,Dynamic Trading Rights,DTR
2299,aelf,ELF
2300,WAX,WAX
2303,MediBloc [QRC20],MED
2304,DEW,DEW
2305,NAGA,NGC
2306,Bread,BRD
2307,Bibox Token,BIX
2308,Dai,DAI
2309,SophiaTX,SPHTX
2310,Bounty0x,BNTY
2311,ACE (TokenStars),ACE
2312,DIMCOIN,DIM
2313,SIRIN LABS Token,SRN
2314,Cryptopay,CPAY
2315,HTMLCOIN,HTML
2316,DeepBrain Chain,DBC
2317,HomeBlockCoin,HBC
2318,Neumark,NEU
2320,UTRUST,UTK
2321,QLINK,QLC
2323,HEROcoin,PLAY
2324,BigONE Token,BIG
2325,Matryx,MTX
2327,Olympus Labs,MOT
2329,Hyper Pay,HPY
2330,Pylon Network,PYLNT
2331,ENTCash,ENT
2332,STRAKS,STAK
2333,FidentiaX,FDX
2334,BitClave,CAT
2335,Lightning Bitcoin,LBTC
2336,Game.com,GTC
2337,Lamden,TAU
2338,Escroco,ESC
2340,Bloom,BLT
2341,SwftCoin,SWFTC
2342,Covesting,COV
2343,CanYaCoin,CAN
2344,AppCoins,APPC
2345,High Performance Blockchain,HPB
2346,WaykiChain,WICC
2347,NumusCash,NUMUS
2348,Measurable Data Token,MDT
2349,Mixin,XIN
2350,GameChain System,GCS
2351,Numus,NMS
2352,Coinlancer,CL
2353,CryptopiaFeeShares,CEFS
2354,GET Protocol,GET
2355,OP Coin,OPC
2356,CFun,CFUN
2357,AI Doctor,AIDOC
2358,Content and AD Network,CAN
2359,Polis,POLIS
2360,Hacken,HKN
2361,Show,SHOW
2362,Steneum Coin,STN
2363,Zap,ZAP
2364,TokenClub,TCT
2366,FairGame,FAIR
2367,Aigang,AIX
2368,REBL,REBL
2369,INS Ecosystem,INS
2370,Bitcoin God,GOD
2371,United Traders Token,UTT
2372,Commodity Ad Network,CDX
2373,Trade Token,TIO
2374,BitDegree,BDG
2375,QunQun,QUN
2376,TopChain,TOPC
2377,Leverj,LEV
2378,Karma,KRM
2379,Kcash,KCASH
2380,ATN,ATN
2381,Spectre.ai Dividend Token,SXDT
2382,Spectre.ai Utility Token,SXUT
2383,Jingtum Tech,SWTC
2384,Vezt,VZT
2385,Cloud,CLD
2386,United Crypto Community,UCOM
2387,Bitcoin Atom,BCA
2389,ugChain,UGC
2390,Bankex,BKX
2391,EchoLink,EKO
2392,Bottos,BTO
2393,AWARE,AT
2394,Telcoin,TEL
2395,Ignition,IC
2396,WETH,WETH
2397,Hackspace Capital,HAC
2398,Selfkey,KEY
2399,Internet Node Token,INT
2400,OneRoot Network,RNT
2402,Sense,SENSE
2403,MOAC,MOAC
2404,TOKYO,TOKC
2405,IOST,IOST
2406,InvestDigital,IDT
2407,AICHAIN,AIT
2408,Qube,QUBE
2409,EtherDelta Token,EDT
2410,SpaceChain,SPC
2411,Galactrum,ORE
2412,Harvest Masternode Coin,HC
2413,Ethorse,HORSE
2414,RealChain,RCT
2415,ArbitrageCT,ARCT
2416,Theta Token,THETA
2418,Maverick Chain,MVC
2419,Profile Utility Token,PUT
2420,Nitro,NOX
2421,InsurePal,IPL
2422,IDEX Membership,IDXM
2423,Aurora DAO,AURA
2424,SingularityNET,AGI
2425,Gatcoin,GAT
2426,ShareX,SEXC
2427,ChatCoin,CHAT
2428,Scry.info,DDD
2429,Mobius,MOBI
2430,Hydro Protocol,HOT
2432,StarChain,STC
2433,IPChain,IPC
2434,Maggie,MAG
2435,LightChain,LIGHT
2436,RefToken,REF
2437,YEE,YEE
2438,Acute Angle Cloud,AAC
2439,SelfSell,SSC
2440,Read,READ
2441,Molecular Future,MOF
2443,Trinity Network Credit,TNC
2444,CRYPTO20,C20
2445,Block Array,ARY
2446,DATA,DTA
2447,Crypterium,CRPT
2448,Sparks,SPK
2450,carVertical,CV
2452,Tokenbox,TBX
2453,EDUCare,EKT
2454,UnlimitedIP,UIP
2455,PressOne,PRS
2456,OFCOIN,OF
2457,True Chain,TRUE
2458,Odyssey,OCN
2459,indaHash,IDH
2460,Qbic,QBIC
2461,Peerguess,GUESS
2462,AidCoin,AID
2464,Devery,EVE
2465,Blockport,BPT
2466,aXpire,AXP
2467,OriginTrail,TRAC
2468,LinkEye,LET
2469,Zilliqa,ZIL
2470,CoinMeet,MEET
2471,Smartlands,SLT
2472,Fortuna,FOTA
2473,All Sports,SOC
2474,Matrix AI Network,MAN
2475,Garlicoin,GRLC
2476,Ruff,RUFF
2477,Nework,NKC
2478,CoinFi,COFI
2479,Equal,EQL
2480,HalalChain,HLC
2481,Zeepin,ZPT
2482,CPChain,CPC
2483,OceanChain,OC
2484,Hi Mutual Society,HMC
2485,Candy,CANDY
2486,Speed Mining Service,SMS
2487,Electronic PK Chain,EPC
2488,ValueChain,VLC
2489,BitWhite,BTW
2490,CargoX,CXO
2491,Travelflex,TRF
2492,Elastos,ELA
2493,STK,STK
2495,Pareto Network,PARETO
2496,Polymath,POLY
2497,Medicalchain,MTN
2498,Jibrel Network,JNT
2499,SwissBorg,CHSB
2500,Zilla,ZLA
2501,adbank,ADB
2502,Huobi Token,HT
2503,DMarket,DMT
2504,Iungo,ING
2505,Bluzelle,BLZ
2506,Swarm,SWM
2507,THEKEY,TKY
2508,DCORP Utility,DRPU
2509,EtherSportz,ESZ
2510,Datawallet,DXT
2511,WePower,WPR
2512,U.CASH,UCASH
2513,GoldMint,MNTP
2514,Shekel,JEW
2515,ACChain,ACC
2516,MktCoin,MLM
2517,Animation Vision Cash,AVH
2518,LOCIcoin,LOCI
2519,Indicoin,INDI
2520,Jesus Coin,JC
2521,BioCoin,BIO
2522,Superior Coin,SUP
2523,Tigereum,TIG
2524,Universa,UTNP
2525,Alphacat,ACAT
2526,Envion,EVN
2527,SureRemit,RMT
2528,Dether,DTH
2529,Cashaa,CAS
2530,Fusion,FSN
2531,W3Coin,W3C
2532,Etherecash,ECH
2533,Restart Energy MWAT,MWAT
2534,Gladius Token,GLA
2535,DADI,DADI
2536,Neurotoken,NTK
2537,Gems ,GEM
2538,Nectar,NEC
2539,Republic Protocol,REN
2540,Litecoin Cash,LCC
2541,Storiqa,STQ
2542,Tidex Token,TDX
2543,COPYTRACK,CPY
2544,Nucleus Vision,NCASH
2545,Arcblock,ABT
2546,Remme,REM
2547,Experty,EXY
2548,POA Network,POA
2549,Ink Protocol,XNK
2550,Rock,RKT
2551,Bezop,BEZ
2552,IHT Real Estate Protocol,IHT
2553,Refereum,RFR
2554,Lympo,LYM
2555,Sether,SETH
2556,Credits,CS
2557,Bee Token,BEE
2558,Insights Network,INSTAR
2559,Cube,AUTO
2560,EZToken,EZT
2561,BitTube,TUBE
2562,Education Ecosystem,LEDU
2563,TrueUSD,TUSD
2564,HOQU,HQX
2565,StarterCoin,STAC
2566,Ontology,ONT
2567,DATx,DATX
2568,JET8,J8T
2569,CoinPoker,CHP
2570,TomoChain,TOMO
2571,Graft,GRFT
2572,BABB,BAX
2573,Electrify.Asia,ELEC
2575,Bitcoin Private,BTCP
2576,Tokenomy,TEN
2577,Ravencoin,RVN
2578,TE-FOOD,TFD
2579,ShipChain,SHIP
2580,Leadcoin,LDC
2581,Sharpe Platform Token,SHP
2582,LALA World,LALA
2583,Octoin Coin,OCC
2584,Debitum,DEB
2585,Centrality,CENNZ
2586,Havven,HAV
2587,Fluz Fluz,FLUZ
2588,Loom Network,LOOM
2589,Guaranteed Ethurance Token Extra,GETX
2590,HireMatch,HIRE
2591,Dropil,DROP
2592,Banca,BANCA
2593,Dragon Coins,DRG
2594,LatiumX,LATX
2595,NANJCOIN,NANJ
2596,CK USD,CKUSD
2597,UpToken,UP
2598,Banyan Network,BBN
2599,Noah Coin,NOAH
2600,LGO Exchange,LGO
2601,1World,1WO
2602,NaPoleonX,NPX
2603,Pundi X,NPXS
2604,Bitcoin Green,BITG
2605,BnkToTheFuture,BFT
2606,Wanchain,WAN
2607,AMLT,AMLT
2608,Mithril,MITH
2609,Lendroid Support Token,LST
2610,Peculium,PCL
2611,Spectiv,SIG
2612,BitRent,RNTB
2614,BlitzPredict,XBP
2615,Blocklancer,LNC
2616,Stipend,SPD
2617,IP Exchange,IPSX
2618,StockChain,SCC
2619,BitStation,BSTN
2620,Switcheo,SWTH
2621,Consensus,SEN
2624,Sentinel Chain,SENC
2625,Vice Industry Token,VIT
2626,Friendz,FDZ
2627,TokenPay,TPAY
2628,Rentberry,BERRY
2629,Stellite,XTL
2630,PolySwarm,NCT
2631,ODEM,ODE
2632,Monero Original,XMO
2633,Stakenet,XSN
2634,XinFin Network,XDCE
2635,TokenDesk,TDS
2636,BelugaPay,BBI
2637,Fidelium,FID
2638,Cortex,CTXC
2639,Arbitracoin,ATC
2640,WCOIN,WIN
2641,Apex,CPX
2642,CyberVein,CVT
2643,Sentinel,SENT
2644,eosDAC,EOSDAC
2645,U Network,UUU
2646,AdHive,ADH
2647,SnipCoin,SNIP
2648,Bitsum,BSM
2649,DeviantCoin,DEV
2650,CommerceBlock,CBT
2651,GreenMed,GRMD
2652,Curriculum Vitae,CVH
2653,Auctus,AUC
2654,Budbo,BUBO
2655,Monero Classic,XMC
2656,Daneel,DAN
2657,BrahmaOS,BRM
2658,SyncFab,MFG
2659,Dignity,DIG
2660,Aditus,ADI
2661,Tripio,TRIO
2662,Haven Protocol,XHV
2663,StarCoin,KST
2664,CryCash,CRC
2665,Dero,DERO
2666,Effect.AI,EFX
2667,FintruX Network,FTX
2668,Earth Token,EARTH
2669,MARK.SPACE,MRK
2670,Pixie Coin,PXC
2671,Cropcoin,CROP
2672,SRCOIN,SRCOIN
2673,Chainium,CHX
2674,Masari,MSR
2675,Dock,DOCK
2676,PHI Token,PHI
2677,Linker Coin,LNC
2678,TraDove B2BCoin,BBC
2679,Decentralized Machine Learning,DML
2680,Helbiz,HBZ
2681,Origami,ORI
2682,Holo,HOT
2683,TrakInvest,TRAK
2684,Aphelion,APH
2685,Zebi,ZCO
2686,Lendingblock,LND
2687,Proxeus,XES
2688,Vipstar Coin,VIPS
2689,Rublix,RBLX
2690,Biotron,BTRN
2691,Penta,PNT
2692,Nebula AI,NBAI
2693,Loopring [NEO],LRN
2694,Nexo,NEXO
2695,VeriME,VME
2696,DAEX,DAX
2698,Hydro,HYDRO
2699,Sharder,SS
2701,TrustNote,TTT
2702,Bitcoin Interest,BCI
2703,BetterBetting,BETR
2704,Transcodium,TNS
2705,Amon,AMN
2706,Plancoin,PLAN
2707,FLIP,FLP
2708,Crowd Machine,CMCT
2709,Morpheus Labs,MITX
2710,Live Stars,LIVE
2711,Docademic,MTC
2712,MyToken,MT
2713,KEY,KEY
2714,Nexty,NTY
2715,ConnectJob,CJT
2717,BoutsPro,BOUTS
2718,PolicyPal Network,PAL
2719,Cybereits,CRE
2720,Parkgene,GENE
2721,APR Coin,APR
2722,AC3,AC3
2723,FuzeX,FXT
2724,Zippie,ZIPT
2725,Skrumble Network,SKM
2726,DAOstack,GEN
2727,Bezant,BZNT
2729,TEAM (TokenStars),TEAM
2730,Fitrova,FRV
2731,Utrum,OOT
2732,Aston,ATX
2733,Freyrchain,FREC
2734,EduCoin,EDU
2735,Content Neutrality Network,CNN
2736,InsurChain,INSUR
2737,Global Social Chain,GSC
2738,Super Game Chain,SGCC
2739,Digix Gold Token,DGX
2740,Influence Chain,INC
2741,Intelligent Investment Chain,IIC
2742,Sakura Bloom,SKB
2743,Bank Coin,BANK
2744,NPER,NPER
2746,DasCoin,DASC
2747,BlockMesh,BMH
2748,Loki,LOKI
2749,Signals Network,SGN
2750,Oyster Shell,SHL
2751,FundRequest,FND
2752,Datarius Credit,DTRC
2753,Colu Local Network,CLN
2754,HeroNode,HER
2755,Hero,HERO
2756,Tokia,TKA
2757,Callisto Network,CLO
2758,Unibright,UBT
2759,Patron,PAT
2760,Libra Credit,LBA
2761,Local World Forwarders,LWF
2762,Open Platform,OPEN
2763,Morpheus Network,MORPH
2764,Silent Notary,SNTR
2765,XYO Network,XYO
2766,Cryptaur,CPT
2767,APIS,APIS
2768,Fabric Token,FT
2769,Rhenium,XRH
2770,Cazcoin,CAZ
2771,RED,RED
2772,Digitex Futures,DGTX
2773,GINcoin,GIN
2774,Invacio,INV
2775,Faceter,FACE
2776,Travala,AVA
2777,IoTeX,IOTX
2778,Eximchain,EXC
2779,Level Up Coin,LUC
2780,NKN,NKN
2825,Naviaddress,NAVI
2826,ZIP,ZIP
2827,Phantasma,SOUL
2828,SPINDLE,SPD
2829,REPO,REPO
2830,Seele,SEELE
2831,EJOY,EJOY
2833,Ivy,IVY
2834,ContractNet,CNET
2835,Endor Protocol,EDR
2836,Bigbom,BBO
2837,0xBitcoin,0xBTC
2838,PCHAIN,PAI
2840,QuarkChain,QKC
2841,LoyalCoin,LYL
2842,Bankera,BNK
2843,Ether Zero,ETZ
2844,Shivom,OMX
2845,MediBloc [ERC20],MEDX
2846,FuturoCoin,FTO
2847,The Abyss,ABYSS
2848,Paymon,PMNT
2849,Hurify,HUR
2850,TRAXIA,TMT
2852,Engine,EGCC
2853,MIRQ,MRQ
2854,PikcioChain,PKC
2855,CashBet Coin,CBC
2856,CEEK VR,CEEK
2857,SalPay,SAL
2858,Couchain,COU
2859,XMax,XMX
2861,GoChain,GO
2862,Smartshare,SSP
2865,Trittium,TRTT
2866,Sentinel Protocol,UPP
2867,Bittwatt,BWT
2868,Constellation,DAG
2869,Merculet,MVP
2870,FantasyGold,FGC
2872,EnergiToken,ETK
2873,Metronome,MET
2874,Aurora,AOA
2875,ALAX,ALX
2876,Ternio,TERN
2877,Bodhi [ETH],BOE
2878,DigiFinexToken,DFT
2879,Origin Sport,ORS
2880,Rate3,RTE
2881,Distributed Credit Chain,DCC
2882,0chain,ZCN
2883,ZINC,ZINC
2884,Forty Seven Bank,FSBT
2885,Egretia,EGT
2886,TaTaTu,TTU
2887,Dorado,DOR
2888,CarBlock,CAR
2889,Bob's Repair,BOB
2890,KanadeCoin,KNDC
2891,Cardstack,CARD
2892,Wowbit,WWB
2893,On.Live,ONL
2894,OTCBTC Token,OTB
2895,Coni,CONI
2896,Mainframe,MFT
2897,Clipper Coin,CCCX
2898,GoNetwork,GOT
2899,Thrive Token,THRT
2900,Project Pai,PAI
2901,FansTime,FTI
2902,POPCHAIN,PCH
2903,SEER,SEER
2904,FCoin Token,FT
2906,Essentia,ESS
2907,Karatgold Coin,KBC
2908,HashCoin,HSC
2909,LikeCoin,LIKE
2910,Crowdholding,YUP
2911,ORS Group,ORS
2912,SnowGem,XSG
2913,DaTa eXchange,DTX
2914,BeeKan,BKBT
2915,Mossland,MOC
2917,Saifu,SFU
2918,Bit-Z Token,BZ
2919,DWS,DWS
2920,0xcert,ZXC
2921,OneLedger,OLT
2922,Atonomi,ATMI
2923,XMCT,XMCT
2925,RECORD,RCD
2927,nUSD,NUSD
2928,PlayCoin,PLY
2929,Truegame,TGAME
2930,Everipedia,IQ
2931,Engagement Token,ENGT
2932,No BS Crypto,NOBS
2933,BitMart Token,BMX
2937,VITE,VITE
2938,Hashgard,GARD
2939,Scroll,SCRL
2940,Sp8de,SPX
2942,Aegeus,AEG
2943,Rocket Pool,RPL
2944,Elysian,ELY
2945,ContentBox,BOX
2946,Proton Token,PTT
2947,SoPay,SOP
2948,Jury.Online Token,JOT
2949,Kryll,KRL
2950,LemoChain,LEMO
